<?xml version="1.0" encoding="UTF-8"?>
<beans xmlns="http://www.springframework.org/schema/beans"
	xmlns:xsi="http://www.w3.org/2001/XMLSchema-instance" xmlns:mvc="http://www.springframework.org/schema/mvc"
	xmlns:context="http://www.springframework.org/schema/context"
	xsi:schemaLocation="http://www.springframework.org/schema/mvc http://www.springframework.org/schema/mvc/spring-mvc.xsd
		http://www.springframework.org/schema/beans http://www.springframework.org/schema/beans/spring-beans.xsd
		http://www.springframework.org/schema/context http://www.springframework.org/schema/context/spring-context.xsd">
<!-- 引入jdbc配置文件 -->
<bean id="propertyConfigurer"
	class="org.springframework.beans.factory.config.PropertyPlaceholderConfigurer">
	<property name="location" value="classpath:jdbc.properties" />
</bean>

<!-- spring和MyBatis完美整合，不需要mybatis的配置映射文件 -->  
<bean id="sqlSessionFactory" class="org.mybatis.spring.SqlSessionFactoryBean">  
    <property name="dataSource" ref="dataSource" />  
    <!-- 自动扫描mapping.xml文件 -->  
    <property name="mapperLocations" value="classpath:com/fh/demo/mapping/*.xml"></property>  
</bean>  

<!-- DAO接口所在包名，Spring会自动查找其下的类 -->  
 <bean class="org.mybatis.spring.mapper.MapperScannerConfigurer">  
     <property name="basePackage" value="com.fh.demo.dao" />  
     <property name="sqlSessionFactoryBeanName" value="sqlSessionFactory"></property>  
 </bean>  

 <!-- (事务管理)transaction manager, use JtaTransactionManager for global tx -->  
 <bean id="transactionManager"  
     class="org.springframework.jdbc.datasource.DataSourceTransactionManager">  
     <property name="dataSource" ref="dataSource" />  
 </bean>  

<!-- 配置DataSource数据源 -->
<bean id="dataSource" class="com.mchange.v2.c3p0.ComboPooledDataSource">
	<property name="driverClass" value="${driver}" />
	<property name="jdbcUrl" value="${url}" />
	<property name="user" value="${username}" />
	<property name="password" value="${password}" />
	<property name="minPoolSize" value="2" />
	<property name="maxPoolSize" value="20" />
	<property name="initialPoolSize" value="2" />
	<property name="preferredTestQuery">
		<value>select 1</value>
	</property>
	<property name="checkoutTimeout">
		<value>3000</value>
	</property>
	<property name="idleConnectionTestPeriod">
		<value>60</value>
	</property>
	<property name="maxIdleTime">
		<value>120</value>
	</property>
	<property name="dataSourceName">
		<value>addrlist</value>
	</property>
</bean>
<!-- 配置DataSource数据源 -->
<bean id="dataSource2" class="com.mchange.v2.c3p0.ComboPooledDataSource">
	<property name="driverClass" value="${driver}" />
	<property name="jdbcUrl" value="jdbc:postgresql://192.168.160.167:5432/pushtestdb" />
	<property name="user" value="${username}" />
	<property name="password" value="${password}" />
	<property name="minPoolSize" value="2" />
	<property name="maxPoolSize" value="20" />
	<property name="initialPoolSize" value="2" />
	<property name="preferredTestQuery">
		<value>select 1</value>
	</property>
	<property name="checkoutTimeout">
		<value>3000</value>
	</property>
	<property name="idleConnectionTestPeriod">
		<value>60</value>
	</property>
	<property name="maxIdleTime">
		<value>120</value>
	</property>
	<property name="dataSourceName">
		<value>pushtestdb</value>
	</property>
</bean>
</beans>  
