{"list":[{"progress":26.25,"status":1070102,"creatorName":"张倚珲","executorName":"张倚珲","endTime":"2017-02-28","daysOff":-13,"type":1071909,"priorityName":"中","name":"张倚珲2月日常工作","projectName":"运营支撑日常工作","createTime":"2017-02-11 15:54:13.0","projectId":1000018137,"id":4670,"startTime":"2017-02-07","priority":1079403,"planHour":160.0,"statusName":"进行中","typeName":"其它","costHour":42.0,"creator":3840,"executor":3840,"specification":"","executorNo":"X0832"},{"progress":72.5,"executorNo":"X0832","endTime":"2016-11-30","projectId":1000018137,"projectName":"运营支撑日常工作","name":"实战课程《客户拜访系统》web端开发","typeName":"编码","id":2088,"priorityName":"中","creatorName":"张倚珲","priority":1079403,"costHour":116.0,"statusName":"已完成","executorName":"张倚珲","planHour":160.0,"executor":3840,"specification":"","createTime":"2016-11-04 17:54:50.0","startTime":"2016-11-01","daysOff":77,"creator":3840,"type":1071903,"status":1070103}],"prevPage":1,"nextPage":1,"totalPage":1,"toIndex":2,"totalResult":2,"pageIndex":1,"fromIndex":0,"maxLength":10}