<?xml version="1.0" encoding="UTF-8" ?>
<!DOCTYPE mapper PUBLIC "-//mybatis.org//DTD Mapper 3.0//EN" "http://mybatis.org/dtd/mybatis-3-mapper.dtd" >
<mapper namespace="com.fh.demo.dao.IMemberDao" >
  <resultMap id="BaseResultMap" type="com.fh.demo.entity.Member" >
    <id column="member_id" property="memberId" jdbcType="VARCHAR" />
    <result column="name" property="name" jdbcType="VARCHAR" />
    <result column="account" property="account" jdbcType="VARCHAR" />
    <result column="passwd" property="passwd" jdbcType="VARCHAR" />
    <result column="phone_num" property="phoneNum" jdbcType="VARCHAR" />
    <result column="mail" property="mail" jdbcType="VARCHAR" />
    <result column="job_position" property="jobPosition" jdbcType="VARCHAR" />
    <result column="status" property="status" jdbcType="INTEGER" />
    <result column="department_id" property="departmentId" jdbcType="VARCHAR" />
    <result column="ec_id" property="ecId" jdbcType="VARCHAR" />
    <result column="createtype" property="createtype" jdbcType="INTEGER" />
    <result column="creat_datetime" property="creatDatetime" jdbcType="TIMESTAMP" />
  </resultMap>
  <sql id="Base_Column_List" >
    member_id, name, account, passwd, phone_num, mail, job_position, status, department_id, 
    ec_id, createtype, creat_datetime
  </sql>
  <select id="selectByPrimaryKey"  resultMap="BaseResultMap" parameterType="java.lang.String" >
    select 
    <include refid="Base_Column_List" />
    from tbl_member
    where member_id = #{memberId,jdbcType=VARCHAR}
  </select>
  <select id="selectAll" resultMap="BaseResultMap" >
    select 
    <include refid="Base_Column_List" />
    from tbl_member
    LIMIT 10 OFFSET 10
  </select>
  <select id="selectByName" resultMap="BaseResultMap" parameterType="String" >
    select 
    <include refid="Base_Column_List" />
    from tbl_member
    where name LIKE #{memberName,jdbcType=VARCHAR}
  </select>
  
  <delete id="deleteByPrimaryKey" parameterType="java.lang.String" >
    delete from tbl_member
    where member_id = #{memberId,jdbcType=VARCHAR}
  </delete>
  <insert id="insert" parameterType="com.fh.demo.entity.Member" >
    insert into tbl_member (member_id, name, account, 
      passwd, phone_num, mail, 
      job_position, status, department_id, 
      ec_id, createtype, creat_datetime
      )
    values (#{memberId,jdbcType=VARCHAR}, #{name,jdbcType=VARCHAR}, #{account,jdbcType=VARCHAR}, 
      #{passwd,jdbcType=VARCHAR}, #{phoneNum,jdbcType=VARCHAR}, #{mail,jdbcType=VARCHAR}, 
      #{jobPosition,jdbcType=VARCHAR}, #{status,jdbcType=INTEGER}, #{departmentId,jdbcType=VARCHAR}, 
      #{ecId,jdbcType=VARCHAR}, #{createtype,jdbcType=INTEGER}, #{creatDatetime,jdbcType=TIMESTAMP}
      )
  </insert>
  <insert id="insertSelective" parameterType="com.fh.demo.entity.Member" >
    insert into tbl_member
    <trim prefix="(" suffix=")" suffixOverrides="," >
      <if test="memberId != null" >
        member_id,
      </if>
      <if test="name != null" >
        name,
      </if>
      <if test="account != null" >
        account,
      </if>
      <if test="passwd != null" >
        passwd,
      </if>
      <if test="phoneNum != null" >
        phone_num,
      </if>
      <if test="mail != null" >
        mail,
      </if>
      <if test="jobPosition != null" >
        job_position,
      </if>
      <if test="status != null" >
        status,
      </if>
      <if test="departmentId != null" >
        department_id,
      </if>
      <if test="ecId != null" >
        ec_id,
      </if>
      <if test="createtype != null" >
        createtype,
      </if>
      <if test="creatDatetime != null" >
        creat_datetime,
      </if>
    </trim>
    <trim prefix="values (" suffix=")" suffixOverrides="," >
      <if test="memberId != null" >
        #{memberId,jdbcType=VARCHAR},
      </if>
      <if test="name != null" >
        #{name,jdbcType=VARCHAR},
      </if>
      <if test="account != null" >
        #{account,jdbcType=VARCHAR},
      </if>
      <if test="passwd != null" >
        #{passwd,jdbcType=VARCHAR},
      </if>
      <if test="phoneNum != null" >
        #{phoneNum,jdbcType=VARCHAR},
      </if>
      <if test="mail != null" >
        #{mail,jdbcType=VARCHAR},
      </if>
      <if test="jobPosition != null" >
        #{jobPosition,jdbcType=VARCHAR},
      </if>
      <if test="status != null" >
        #{status,jdbcType=INTEGER},
      </if>
      <if test="departmentId != null" >
        #{departmentId,jdbcType=VARCHAR},
      </if>
      <if test="ecId != null" >
        #{ecId,jdbcType=VARCHAR},
      </if>
      <if test="createtype != null" >
        #{createtype,jdbcType=INTEGER},
      </if>
      <if test="creatDatetime != null" >
        #{creatDatetime,jdbcType=TIMESTAMP},
      </if>
    </trim>
  </insert>
  <update id="updateByPrimaryKeySelective" parameterType="com.fh.demo.entity.Member" >
    update tbl_member
    <set >
      <if test="name != null" >
        name = #{name,jdbcType=VARCHAR},
      </if>
      <if test="account != null" >
        account = #{account,jdbcType=VARCHAR},
      </if>
      <if test="passwd != null" >
        passwd = #{passwd,jdbcType=VARCHAR},
      </if>
      <if test="phoneNum != null" >
        phone_num = #{phoneNum,jdbcType=VARCHAR},
      </if>
      <if test="mail != null" >
        mail = #{mail,jdbcType=VARCHAR},
      </if>
      <if test="jobPosition != null" >
        job_position = #{jobPosition,jdbcType=VARCHAR},
      </if>
      <if test="status != null" >
        status = #{status,jdbcType=INTEGER},
      </if>
      <if test="departmentId != null" >
        department_id = #{departmentId,jdbcType=VARCHAR},
      </if>
      <if test="ecId != null" >
        ec_id = #{ecId,jdbcType=VARCHAR},
      </if>
      <if test="createtype != null" >
        createtype = #{createtype,jdbcType=INTEGER},
      </if>
      <if test="creatDatetime != null" >
        creat_datetime = #{creatDatetime,jdbcType=TIMESTAMP},
      </if>
    </set>
    where member_id = #{memberId,jdbcType=VARCHAR}
  </update>
  <update id="updateByPrimaryKey" parameterType="com.fh.demo.entity.Member" >
    update tbl_member
    set name = #{name,jdbcType=VARCHAR},
      account = #{account,jdbcType=VARCHAR},
      passwd = #{passwd,jdbcType=VARCHAR},
      phone_num = #{phoneNum,jdbcType=VARCHAR},
      mail = #{mail,jdbcType=VARCHAR},
      job_position = #{jobPosition,jdbcType=VARCHAR},
      status = #{status,jdbcType=INTEGER},
      department_id = #{departmentId,jdbcType=VARCHAR},
      ec_id = #{ecId,jdbcType=VARCHAR},
      createtype = #{createtype,jdbcType=INTEGER},
      creat_datetime = #{creatDatetime,jdbcType=TIMESTAMP}
    where member_id = #{memberId,jdbcType=VARCHAR}
  </update>
</mapper>